ride_id,driver_id,distance_km,fare_usd,ride_type,city,timestamp
1,1025,23.27,55.84,pool,Toronto,2025-01-01 00:00:00
2,1016,14.1,17.81,pool,Lima,2025-01-01 00:01:00
3,1027,23.11,41.9,standard,Toronto,2025-01-01 00:02:00
4,1017,19.65,16.64,pool,Toronto,2025-01-01 00:03:00
5,1013,13.99,60.55,standard,Lima,2025-01-01 00:04:00
6,1012,21.59,19.72,pool,Toronto,2025-01-01 00:05:00
7,1033,18.53,58.95,standard,Seoul,2025-01-01 00:06:00
8,1007,1.46,36.12,standard,Berlin,2025-01-01 00:07:00
9,1018,14.52,57.44,premium,Toronto,2025-01-01 00:08:00
10,1024,26.58,30.13,pool,Toronto,2025-01-01 00:09:00
11,1045,23.63,72.55,premium,Toronto,2025-01-01 00:10:00
12,1028,19.99,40.19,premium,Lima,2025-01-01 00:11:00
13,1048,19.03,33.43,standard,Berlin,2025-01-01 00:12:00
14,1032,24.68,34.04,standard,Lima,2025-01-01 00:13:00
15,1045,9.45,26.29,pool,Toronto,2025-01-01 00:14:00
16,1044,12.43,52.04,pool,Seoul,2025-01-01 00:15:00
17,1004,19.29,17.17,premium,Nairobi,2025-01-01 00:16:00
18,1034,24.81,15.79,pool,Berlin,2025-01-01 00:17:00
19,1012,10.32,72.46,pool,Berlin,2025-01-01 00:18:00
20,1001,5.89,19.69,standard,Lima,2025-01-01 00:19:00
21,1010,8.9,61.74,pool,Toronto,2025-01-01 00:20:00
22,1037,13.73,10.81,pool,Toronto,2025-01-01 00:21:00
23,1039,3.86,46.61,standard,Seoul,2025-01-01 00:22:00
24,1020,19.22,12.38,standard,Seoul,2025-01-01 00:23:00
25,1017,27.0,30.23,pool,Nairobi,2025-01-01 00:24:00
26,1027,10.92,28.4,pool,Toronto,2025-01-01 00:25:00
27,1024,28.73,47.91,premium,Seoul,2025-01-01 00:26:00
28,1017,13.17,5.28,pool,Nairobi,2025-01-01 00:27:00
29,1003,16.54,24.38,pool,Seoul,2025-01-01 00:28:00
30,1006,29.33,58.3,pool,Seoul,2025-01-01 00:29:00
31,1043,21.59,58.12,standard,Nairobi,2025-01-01 00:30:00
32,1050,15.66,60.28,pool,Nairobi,2025-01-01 00:31:00
33,1050,22.88,45.38,premium,Lima,2025-01-01 00:32:00
34,1000,14.73,57.8,pool,Berlin,2025-01-01 00:33:00
35,1015,21.93,35.44,pool,Toronto,2025-01-01 00:34:00
36,1032,7.45,27.07,premium,Lima,2025-01-01 00:35:00
37,1023,3.23,61.82,premium,Nairobi,2025-01-01 00:36:00
38,1027,18.38,32.79,premium,Seoul,2025-01-01 00:37:00
39,1006,16.19,14.28,pool,Nairobi,2025-01-01 00:38:00
40,1025,14.36,71.87,premium,Lima,2025-01-01 00:39:00
41,1043,4.41,14.0,premium,Berlin,2025-01-01 00:40:00
42,1010,28.1,58.68,pool,Berlin,2025-01-01 00:41:00
43,1027,4.24,19.61,standard,Berlin,2025-01-01 00:42:00
44,1044,29.06,65.09,premium,Nairobi,2025-01-01 00:43:00
45,1014,10.23,48.69,pool,Lima,2025-01-01 00:44:00
46,1007,9.17,71.07,standard,Berlin,2025-01-01 00:45:00
47,1015,28.26,47.24,standard,Seoul,2025-01-01 00:46:00
48,1000,28.86,63.95,pool,Berlin,2025-01-01 00:47:00
49,1040,21.32,39.71,premium,Toronto,2025-01-01 00:48:00
50,1048,28.7,67.31,standard,Nairobi,2025-01-01 00:49:00
51,1027,6.07,33.62,premium,Berlin,2025-01-01 00:50:00
52,1031,25.84,69.98,premium,Berlin,2025-01-01 00:51:00
53,1005,18.93,50.24,pool,Berlin,2025-01-01 00:52:00
54,1007,9.57,69.43,pool,Toronto,2025-01-01 00:53:00
55,1050,18.3,8.0,pool,Lima,2025-01-01 00:54:00
56,1035,4.17,30.55,pool,Seoul,2025-01-01 00:55:00
57,1001,23.97,68.12,pool,Lima,2025-01-01 00:56:00
58,1048,19.61,23.75,standard,Toronto,2025-01-01 00:57:00
59,1003,4.1,43.05,pool,Lima,2025-01-01 00:58:00
60,1008,7.37,34.37,premium,Nairobi,2025-01-01 00:59:00
61,1023,9.46,5.7,standard,Lima,2025-01-01 01:00:00
62,1017,14.74,7.89,pool,Nairobi,2025-01-01 01:01:00
63,1004,7.69,39.32,premium,Seoul,2025-01-01 01:02:00
64,1008,9.63,31.48,standard,Toronto,2025-01-01 01:03:00
65,1050,16.99,67.14,pool,Berlin,2025-01-01 01:04:00
66,1032,5.26,27.91,pool,Toronto,2025-01-01 01:05:00
67,1014,22.85,16.04,standard,Lima,2025-01-01 01:06:00
68,1019,14.07,13.38,pool,Seoul,2025-01-01 01:07:00
69,1025,12.81,33.78,pool,Lima,2025-01-01 01:08:00
70,1026,17.63,73.94,standard,Berlin,2025-01-01 01:09:00
71,1038,5.57,67.82,pool,Lima,2025-01-01 01:10:00
72,1017,26.85,42.47,standard,Nairobi,2025-01-01 01:11:00
73,1043,4.34,41.36,standard,Lima,2025-01-01 01:12:00
74,1018,16.87,48.47,premium,Berlin,2025-01-01 01:13:00
75,1048,28.98,57.02,pool,Seoul,2025-01-01 01:14:00
76,1010,5.04,8.92,pool,Seoul,2025-01-01 01:15:00
77,1047,21.27,70.67,standard,Lima,2025-01-01 01:16:00
78,1046,29.28,66.26,premium,Toronto,2025-01-01 01:17:00
79,1032,29.88,37.69,standard,Lima,2025-01-01 01:18:00
80,1044,11.08,28.63,standard,Nairobi,2025-01-01 01:19:00
81,1040,19.15,42.13,premium,Seoul,2025-01-01 01:20:00
82,1008,28.33,40.27,pool,Nairobi,2025-01-01 01:21:00
83,1004,19.11,27.23,pool,Seoul,2025-01-01 01:22:00
84,1033,26.31,13.74,premium,Lima,2025-01-01 01:23:00
85,1001,21.23,55.78,pool,Nairobi,2025-01-01 01:24:00
86,1031,2.07,67.3,pool,Berlin,2025-01-01 01:25:00
87,1041,11.02,50.5,premium,Berlin,2025-01-01 01:26:00
88,1011,26.92,25.32,premium,Seoul,2025-01-01 01:27:00
89,1034,14.6,35.57,standard,Seoul,2025-01-01 01:28:00
90,1008,13.59,18.14,standard,Seoul,2025-01-01 01:29:00
91,1019,9.84,70.59,standard,Lima,2025-01-01 01:30:00
92,1032,5.63,22.54,premium,Berlin,2025-01-01 01:31:00
93,1020,20.4,29.69,premium,Seoul,2025-01-01 01:32:00
94,1050,12.46,50.35,pool,Seoul,2025-01-01 01:33:00
95,1018,26.58,56.57,pool,Lima,2025-01-01 01:34:00
96,1045,2.25,36.58,pool,Nairobi,2025-01-01 01:35:00
97,1008,26.36,14.63,standard,Berlin,2025-01-01 01:36:00
98,1038,3.68,33.7,pool,Nairobi,2025-01-01 01:37:00
99,1039,24.88,62.16,premium,Toronto,2025-01-01 01:38:00
100,1034,14.28,24.58,standard,Berlin,2025-01-01 01:39:00
101,1031,22.47,33.6,standard,Nairobi,2025-01-01 01:40:00
102,1036,14.08,24.14,pool,Lima,2025-01-01 01:41:00
103,1004,5.6,30.86,premium,Seoul,2025-01-01 01:42:00
104,1028,28.5,28.49,standard,Nairobi,2025-01-01 01:43:00
105,1013,19.63,38.49,pool,Nairobi,2025-01-01 01:44:00
106,1001,7.23,63.04,pool,Lima,2025-01-01 01:45:00
107,1026,18.3,62.15,pool,Berlin,2025-01-01 01:46:00
108,1021,7.08,17.08,premium,Seoul,2025-01-01 01:47:00
109,1020,12.66,21.59,standard,Toronto,2025-01-01 01:48:00
110,1042,18.26,29.07,premium,Seoul,2025-01-01 01:49:00
111,1017,18.7,52.63,pool,Lima,2025-01-01 01:50:00
112,1047,4.13,56.5,pool,Nairobi,2025-01-01 01:51:00
113,1017,6.58,56.5,premium,Seoul,2025-01-01 01:52:00
114,1004,14.29,20.13,pool,Lima,2025-01-01 01:53:00
115,1010,15.97,20.62,standard,Lima,2025-01-01 01:54:00
116,1046,25.86,74.13,premium,Nairobi,2025-01-01 01:55:00
117,1039,17.73,46.16,pool,Seoul,2025-01-01 01:56:00
118,1035,24.53,58.33,pool,Lima,2025-01-01 01:57:00
119,1021,11.72,19.29,standard,Seoul,2025-01-01 01:58:00
120,1003,6.44,48.33,pool,Nairobi,2025-01-01 01:59:00
121,1035,9.11,25.57,pool,Toronto,2025-01-01 02:00:00
122,1017,1.72,38.96,premium,Berlin,2025-01-01 02:01:00
123,1006,11.56,36.06,pool,Seoul,2025-01-01 02:02:00
124,1040,19.43,65.15,premium,Nairobi,2025-01-01 02:03:00
125,1049,25.42,30.19,premium,Lima,2025-01-01 02:04:00
126,1001,7.81,56.72,premium,Toronto,2025-01-01 02:05:00
127,1039,21.47,26.59,standard,Lima,2025-01-01 02:06:00
128,1036,22.82,47.38,standard,Lima,2025-01-01 02:07:00
129,1008,21.05,64.94,premium,Toronto,2025-01-01 02:08:00
130,1005,28.94,21.33,standard,Seoul,2025-01-01 02:09:00
131,1037,17.82,34.25,standard,Nairobi,2025-01-01 02:10:00
132,1027,13.86,73.39,pool,Berlin,2025-01-01 02:11:00
133,1029,16.57,62.89,pool,Lima,2025-01-01 02:12:00
134,1050,1.14,66.84,standard,Nairobi,2025-01-01 02:13:00
135,1047,1.19,47.08,standard,Nairobi,2025-01-01 02:14:00
136,1021,15.31,31.16,premium,Seoul,2025-01-01 02:15:00
137,1023,11.92,14.95,premium,Lima,2025-01-01 02:16:00
138,1010,4.91,65.58,standard,Berlin,2025-01-01 02:17:00
139,1000,11.27,13.04,pool,Nairobi,2025-01-01 02:18:00
140,1049,19.6,70.33,premium,Seoul,2025-01-01 02:19:00
141,1016,16.16,70.04,pool,Lima,2025-01-01 02:20:00
142,1023,12.5,71.46,pool,Toronto,2025-01-01 02:21:00
143,1043,23.33,59.57,pool,Berlin,2025-01-01 02:22:00
144,1012,2.55,51.32,standard,Toronto,2025-01-01 02:23:00
145,1004,26.7,32.19,standard,Toronto,2025-01-01 02:24:00
146,1034,20.69,63.23,pool,Seoul,2025-01-01 02:25:00
147,1004,13.17,45.66,standard,Berlin,2025-01-01 02:26:00
148,1044,21.06,40.83,premium,Toronto,2025-01-01 02:27:00
149,1034,28.24,14.46,premium,Seoul,2025-01-01 02:28:00
150,1028,19.99,13.33,premium,Seoul,2025-01-01 02:29:00
151,1023,20.38,52.21,premium,Berlin,2025-01-01 02:30:00
152,1017,21.36,14.72,standard,Nairobi,2025-01-01 02:31:00
153,1049,27.55,54.15,pool,Lima,2025-01-01 02:32:00
154,1021,26.79,35.45,standard,Berlin,2025-01-01 02:33:00
155,1044,9.1,13.99,pool,Seoul,2025-01-01 02:34:00
156,1033,1.65,44.29,premium,Lima,2025-01-01 02:35:00
157,1035,9.06,60.34,pool,Seoul,2025-01-01 02:36:00
158,1014,11.56,74.29,pool,Berlin,2025-01-01 02:37:00
159,1002,8.18,22.36,pool,Toronto,2025-01-01 02:38:00
160,1019,14.26,32.41,premium,Toronto,2025-01-01 02:39:00
161,1019,28.2,38.91,standard,Toronto,2025-01-01 02:40:00
162,1018,6.49,39.09,standard,Seoul,2025-01-01 02:41:00
163,1048,12.06,21.5,standard,Berlin,2025-01-01 02:42:00
164,1043,25.16,28.09,standard,Berlin,2025-01-01 02:43:00
165,1030,4.8,11.25,standard,Seoul,2025-01-01 02:44:00
166,1050,11.22,45.06,premium,Seoul,2025-01-01 02:45:00
167,1015,16.98,74.75,standard,Toronto,2025-01-01 02:46:00
168,1032,23.31,13.7,standard,Toronto,2025-01-01 02:47:00
169,1024,25.99,55.42,premium,Seoul,2025-01-01 02:48:00
170,1043,8.42,41.93,premium,Berlin,2025-01-01 02:49:00
171,1019,28.62,27.95,premium,Berlin,2025-01-01 02:50:00
172,1023,13.61,28.3,premium,Berlin,2025-01-01 02:51:00
173,1050,4.8,74.04,standard,Nairobi,2025-01-01 02:52:00
174,1009,5.61,12.59,pool,Nairobi,2025-01-01 02:53:00
175,1007,13.68,46.2,premium,Lima,2025-01-01 02:54:00
176,1013,24.54,42.6,standard,Berlin,2025-01-01 02:55:00
177,1034,3.0,71.06,premium,Seoul,2025-01-01 02:56:00
178,1012,7.31,19.24,standard,Toronto,2025-01-01 02:57:00
179,1045,24.25,7.07,pool,Nairobi,2025-01-01 02:58:00
180,1050,24.88,67.04,premium,Toronto,2025-01-01 02:59:00
181,1027,6.8,27.75,standard,Seoul,2025-01-01 03:00:00
182,1042,2.63,33.65,pool,Seoul,2025-01-01 03:01:00
183,1042,19.97,13.39,premium,Nairobi,2025-01-01 03:02:00
184,1017,24.02,20.83,standard,Nairobi,2025-01-01 03:03:00
185,1017,2.44,20.82,pool,Nairobi,2025-01-01 03:04:00
186,1012,16.16,52.72,premium,Seoul,2025-01-01 03:05:00
187,1011,5.11,14.43,premium,Nairobi,2025-01-01 03:06:00
188,1021,18.43,18.35,pool,Lima,2025-01-01 03:07:00
189,1043,4.26,33.12,standard,Berlin,2025-01-01 03:08:00
190,1030,4.82,33.09,pool,Nairobi,2025-01-01 03:09:00
191,1049,16.68,8.42,premium,Seoul,2025-01-01 03:10:00
192,1017,28.46,74.89,premium,Toronto,2025-01-01 03:11:00
193,1027,1.83,63.93,premium,Toronto,2025-01-01 03:12:00
194,1038,3.88,59.5,premium,Berlin,2025-01-01 03:13:00
195,1018,6.86,54.14,premium,Seoul,2025-01-01 03:14:00
196,1001,24.63,32.74,standard,Berlin,2025-01-01 03:15:00
197,1030,7.97,51.75,standard,Toronto,2025-01-01 03:16:00
198,1038,8.89,63.8,premium,Lima,2025-01-01 03:17:00
199,1030,13.45,55.3,standard,Berlin,2025-01-01 03:18:00
200,1009,25.85,66.84,pool,Lima,2025-01-01 03:19:00
201,1026,9.13,59.46,premium,Nairobi,2025-01-01 03:20:00
202,1050,14.68,56.23,standard,Seoul,2025-01-01 03:21:00
203,1046,14.77,68.8,pool,Toronto,2025-01-01 03:22:00
204,1047,15.49,60.62,pool,Seoul,2025-01-01 03:23:00
205,1047,13.93,28.26,standard,Berlin,2025-01-01 03:24:00
206,1025,24.35,40.37,standard,Seoul,2025-01-01 03:25:00
207,1029,6.8,11.59,premium,Berlin,2025-01-01 03:26:00
208,1035,15.63,34.34,standard,Toronto,2025-01-01 03:27:00
209,1020,4.8,49.8,pool,Seoul,2025-01-01 03:28:00
210,1027,26.27,20.16,premium,Seoul,2025-01-01 03:29:00
211,1004,13.32,45.38,pool,Nairobi,2025-01-01 03:30:00
212,1005,29.94,28.33,pool,Nairobi,2025-01-01 03:31:00
213,1019,20.24,21.25,premium,Seoul,2025-01-01 03:32:00
214,1001,6.92,30.19,premium,Lima,2025-01-01 03:33:00
215,1042,27.82,46.6,premium,Berlin,2025-01-01 03:34:00
216,1044,9.51,37.51,pool,Seoul,2025-01-01 03:35:00
217,1021,19.51,36.16,pool,Seoul,2025-01-01 03:36:00
218,1025,23.19,59.27,standard,Nairobi,2025-01-01 03:37:00
219,1034,4.0,49.96,pool,Berlin,2025-01-01 03:38:00
220,1000,6.34,45.95,standard,Berlin,2025-01-01 03:39:00
221,1007,13.37,13.02,premium,Seoul,2025-01-01 03:40:00
222,1001,11.4,6.39,standard,Lima,2025-01-01 03:41:00
223,1016,10.16,31.09,standard,Lima,2025-01-01 03:42:00
224,1048,8.84,13.48,pool,Berlin,2025-01-01 03:43:00
225,1014,11.46,50.73,pool,Lima,2025-01-01 03:44:00
226,1049,29.47,64.91,pool,Berlin,2025-01-01 03:45:00
227,1002,14.3,56.62,premium,Lima,2025-01-01 03:46:00
228,1002,14.28,36.08,standard,Toronto,2025-01-01 03:47:00
229,1028,8.26,63.57,pool,Nairobi,2025-01-01 03:48:00
230,1035,6.5,55.05,pool,Lima,2025-01-01 03:49:00
231,1033,8.47,41.49,pool,Seoul,2025-01-01 03:50:00
232,1043,26.68,47.37,pool,Berlin,2025-01-01 03:51:00
233,1010,26.7,17.72,standard,Nairobi,2025-01-01 03:52:00
234,1043,5.95,6.4,standard,Berlin,2025-01-01 03:53:00
235,1048,12.5,69.36,premium,Berlin,2025-01-01 03:54:00
236,1000,17.83,72.68,pool,Berlin,2025-01-01 03:55:00
237,1033,17.05,40.63,standard,Nairobi,2025-01-01 03:56:00
238,1023,6.84,45.54,standard,Berlin,2025-01-01 03:57:00
239,1024,2.79,60.27,standard,Berlin,2025-01-01 03:58:00
240,1029,24.1,11.95,pool,Lima,2025-01-01 03:59:00
241,1011,4.77,55.47,standard,Seoul,2025-01-01 04:00:00
242,1039,12.53,60.65,premium,Toronto,2025-01-01 04:01:00
243,1045,23.11,21.64,premium,Nairobi,2025-01-01 04:02:00
244,1014,20.87,44.49,premium,Seoul,2025-01-01 04:03:00
245,1020,12.84,61.3,standard,Seoul,2025-01-01 04:04:00
246,1000,24.18,71.33,standard,Toronto,2025-01-01 04:05:00
247,1001,29.8,33.91,premium,Lima,2025-01-01 04:06:00
248,1009,14.92,15.67,pool,Toronto,2025-01-01 04:07:00
249,1021,26.66,55.96,standard,Nairobi,2025-01-01 04:08:00
250,1038,16.11,47.99,pool,Toronto,2025-01-01 04:09:00
251,1039,12.26,39.5,premium,Berlin,2025-01-01 04:10:00
252,1030,29.7,32.39,premium,Seoul,2025-01-01 04:11:00
253,1039,23.39,6.96,pool,Nairobi,2025-01-01 04:12:00
254,1028,4.93,69.43,pool,Berlin,2025-01-01 04:13:00
255,1005,16.69,31.73,premium,Nairobi,2025-01-01 04:14:00
256,1048,12.0,8.15,premium,Nairobi,2025-01-01 04:15:00
257,1041,15.37,12.24,premium,Toronto,2025-01-01 04:16:00
258,1035,22.91,46.3,pool,Toronto,2025-01-01 04:17:00
259,1013,10.79,7.49,pool,Lima,2025-01-01 04:18:00
260,1014,18.43,58.48,premium,Berlin,2025-01-01 04:19:00
261,1033,7.91,56.98,standard,Lima,2025-01-01 04:20:00
262,1036,13.85,5.34,pool,Lima,2025-01-01 04:21:00
263,1023,26.79,50.1,premium,Lima,2025-01-01 04:22:00
264,1043,22.37,26.45,premium,Nairobi,2025-01-01 04:23:00
265,1030,11.52,25.35,pool,Nairobi,2025-01-01 04:24:00
266,1024,9.07,64.94,pool,Lima,2025-01-01 04:25:00
267,1026,18.49,10.0,standard,Toronto,2025-01-01 04:26:00
268,1030,14.78,34.19,premium,Seoul,2025-01-01 04:27:00
269,1043,29.64,71.83,pool,Berlin,2025-01-01 04:28:00
270,1043,9.59,11.06,pool,Toronto,2025-01-01 04:29:00
271,1048,27.7,47.52,pool,Seoul,2025-01-01 04:30:00
272,1003,7.8,23.05,premium,Nairobi,2025-01-01 04:31:00
273,1046,24.24,21.08,pool,Lima,2025-01-01 04:32:00
274,1016,26.1,28.62,standard,Toronto,2025-01-01 04:33:00
275,1035,6.48,54.88,premium,Nairobi,2025-01-01 04:34:00
276,1041,13.87,34.31,standard,Berlin,2025-01-01 04:35:00
277,1001,21.62,55.04,premium,Berlin,2025-01-01 04:36:00
278,1022,12.95,69.34,premium,Lima,2025-01-01 04:37:00
279,1031,4.12,68.9,premium,Seoul,2025-01-01 04:38:00
280,1003,23.26,42.51,pool,Nairobi,2025-01-01 04:39:00
281,1026,15.11,22.94,pool,Nairobi,2025-01-01 04:40:00
282,1005,6.35,49.22,pool,Lima,2025-01-01 04:41:00
283,1015,2.49,11.47,premium,Seoul,2025-01-01 04:42:00
284,1033,16.1,28.96,standard,Berlin,2025-01-01 04:43:00
285,1046,9.48,26.21,premium,Lima,2025-01-01 04:44:00
286,1044,24.59,71.73,premium,Berlin,2025-01-01 04:45:00
287,1029,5.57,44.21,pool,Seoul,2025-01-01 04:46:00
288,1034,1.48,32.44,premium,Lima,2025-01-01 04:47:00
289,1004,27.32,24.78,premium,Seoul,2025-01-01 04:48:00
290,1023,13.11,42.05,premium,Seoul,2025-01-01 04:49:00
291,1031,25.76,42.15,premium,Nairobi,2025-01-01 04:50:00
292,1013,17.54,65.13,standard,Toronto,2025-01-01 04:51:00
293,1044,26.55,39.92,pool,Lima,2025-01-01 04:52:00
294,1048,28.21,73.25,standard,Seoul,2025-01-01 04:53:00
295,1015,3.45,8.58,pool,Toronto,2025-01-01 04:54:00
296,1033,9.09,47.51,premium,Lima,2025-01-01 04:55:00
297,1017,6.31,34.7,standard,Berlin,2025-01-01 04:56:00
298,1005,28.74,26.28,premium,Lima,2025-01-01 04:57:00
299,1035,21.15,39.12,premium,Nairobi,2025-01-01 04:58:00
300,1043,27.84,74.81,standard,Toronto,2025-01-01 04:59:00
301,1040,29.57,32.85,standard,Lima,2025-01-01 05:00:00
302,1041,23.96,70.81,standard,Seoul,2025-01-01 05:01:00
303,1042,26.35,42.25,premium,Lima,2025-01-01 05:02:00
304,1022,28.28,32.44,premium,Seoul,2025-01-01 05:03:00
305,1046,18.67,10.06,standard,Seoul,2025-01-01 05:04:00
306,1036,24.77,11.21,premium,Lima,2025-01-01 05:05:00
307,1031,29.26,65.55,standard,Seoul,2025-01-01 05:06:00
308,1021,14.67,14.34,standard,Berlin,2025-01-01 05:07:00
309,1050,7.29,25.21,premium,Toronto,2025-01-01 05:08:00
310,1038,20.3,30.89,premium,Seoul,2025-01-01 05:09:00
311,1043,2.61,9.93,standard,Seoul,2025-01-01 05:10:00
312,1032,9.97,19.33,pool,Seoul,2025-01-01 05:11:00
313,1025,11.93,20.75,premium,Seoul,2025-01-01 05:12:00
314,1003,24.34,34.9,standard,Nairobi,2025-01-01 05:13:00
315,1014,1.69,14.6,pool,Berlin,2025-01-01 05:14:00
316,1029,10.33,47.69,standard,Lima,2025-01-01 05:15:00
317,1025,9.89,37.73,standard,Nairobi,2025-01-01 05:16:00
318,1005,20.21,53.48,premium,Lima,2025-01-01 05:17:00
319,1043,26.38,19.09,pool,Lima,2025-01-01 05:18:00
320,1017,14.93,21.95,premium,Berlin,2025-01-01 05:19:00
321,1045,25.47,37.03,pool,Nairobi,2025-01-01 05:20:00
322,1036,13.24,32.95,standard,Berlin,2025-01-01 05:21:00
323,1002,15.57,27.74,pool,Berlin,2025-01-01 05:22:00
324,1006,10.31,14.76,premium,Berlin,2025-01-01 05:23:00
325,1008,6.69,39.88,pool,Seoul,2025-01-01 05:24:00
326,1048,26.82,31.05,pool,Nairobi,2025-01-01 05:25:00
327,1013,18.47,31.53,premium,Lima,2025-01-01 05:26:00
328,1021,8.78,60.68,pool,Berlin,2025-01-01 05:27:00
329,1049,16.62,8.7,premium,Seoul,2025-01-01 05:28:00
330,1039,12.74,18.39,standard,Seoul,2025-01-01 05:29:00
331,1009,2.07,71.96,standard,Seoul,2025-01-01 05:30:00
332,1020,21.21,29.28,standard,Toronto,2025-01-01 05:31:00
333,1036,26.17,9.37,pool,Seoul,2025-01-01 05:32:00
334,1041,18.65,21.11,premium,Toronto,2025-01-01 05:33:00
335,1002,5.28,10.22,pool,Lima,2025-01-01 05:34:00
336,1019,13.17,73.32,standard,Toronto,2025-01-01 05:35:00
337,1040,6.9,26.46,standard,Toronto,2025-01-01 05:36:00
338,1039,5.94,16.64,standard,Nairobi,2025-01-01 05:37:00
339,1029,9.53,12.11,premium,Seoul,2025-01-01 05:38:00
340,1011,26.98,62.58,standard,Berlin,2025-01-01 05:39:00
341,1047,25.45,44.15,pool,Lima,2025-01-01 05:40:00
342,1021,24.02,68.03,pool,Toronto,2025-01-01 05:41:00
343,1031,27.91,32.19,pool,Berlin,2025-01-01 05:42:00
344,1034,4.13,34.55,pool,Seoul,2025-01-01 05:43:00
345,1039,7.35,41.61,pool,Nairobi,2025-01-01 05:44:00
346,1002,2.26,49.04,premium,Seoul,2025-01-01 05:45:00
347,1006,1.12,41.21,standard,Lima,2025-01-01 05:46:00
348,1031,19.6,22.55,pool,Seoul,2025-01-01 05:47:00
349,1018,12.85,44.0,pool,Lima,2025-01-01 05:48:00
350,1006,17.4,71.18,pool,Nairobi,2025-01-01 05:49:00
351,1011,26.19,44.07,standard,Nairobi,2025-01-01 05:50:00
352,1001,9.31,35.63,pool,Seoul,2025-01-01 05:51:00
353,1002,8.09,10.07,premium,Berlin,2025-01-01 05:52:00
354,1034,24.82,73.93,standard,Nairobi,2025-01-01 05:53:00
355,1042,1.72,6.49,premium,Lima,2025-01-01 05:54:00
356,1001,27.85,5.5,premium,Berlin,2025-01-01 05:55:00
357,1028,11.06,28.41,premium,Toronto,2025-01-01 05:56:00
358,1036,1.97,69.57,premium,Lima,2025-01-01 05:57:00
359,1038,7.29,29.15,pool,Toronto,2025-01-01 05:58:00
360,1018,3.35,68.83,standard,Toronto,2025-01-01 05:59:00
361,1013,25.5,65.75,pool,Nairobi,2025-01-01 06:00:00
362,1030,2.61,29.48,standard,Seoul,2025-01-01 06:01:00
363,1038,2.55,44.27,pool,Nairobi,2025-01-01 06:02:00
364,1048,18.83,31.34,premium,Berlin,2025-01-01 06:03:00
365,1000,7.09,65.9,standard,Lima,2025-01-01 06:04:00
366,1047,10.7,53.32,standard,Seoul,2025-01-01 06:05:00
367,1023,23.8,53.12,premium,Berlin,2025-01-01 06:06:00
368,1042,13.34,47.65,pool,Toronto,2025-01-01 06:07:00
369,1012,22.15,48.75,standard,Toronto,2025-01-01 06:08:00
370,1044,9.17,54.24,pool,Nairobi,2025-01-01 06:09:00
371,1022,4.8,66.01,pool,Nairobi,2025-01-01 06:10:00
372,1039,2.97,25.59,pool,Toronto,2025-01-01 06:11:00
373,1004,25.31,16.56,standard,Berlin,2025-01-01 06:12:00
374,1034,4.54,28.31,standard,Toronto,2025-01-01 06:13:00
375,1011,3.28,59.87,premium,Nairobi,2025-01-01 06:14:00
376,1019,5.55,64.95,pool,Berlin,2025-01-01 06:15:00
377,1016,16.12,33.51,standard,Seoul,2025-01-01 06:16:00
378,1049,20.96,43.69,pool,Toronto,2025-01-01 06:17:00
379,1044,15.33,60.88,premium,Nairobi,2025-01-01 06:18:00
380,1026,19.0,58.62,standard,Nairobi,2025-01-01 06:19:00
381,1017,15.42,59.24,premium,Seoul,2025-01-01 06:20:00
382,1032,22.59,41.75,premium,Lima,2025-01-01 06:21:00
383,1047,18.5,51.18,pool,Seoul,2025-01-01 06:22:00
384,1018,6.1,14.24,pool,Seoul,2025-01-01 06:23:00
385,1016,10.74,41.75,pool,Lima,2025-01-01 06:24:00
386,1019,29.81,6.09,premium,Seoul,2025-01-01 06:25:00
387,1028,14.01,36.9,pool,Lima,2025-01-01 06:26:00
388,1024,20.65,12.35,pool,Lima,2025-01-01 06:27:00
389,1033,6.0,66.72,standard,Nairobi,2025-01-01 06:28:00
390,1004,20.6,63.66,standard,Berlin,2025-01-01 06:29:00
391,1006,21.24,46.56,premium,Seoul,2025-01-01 06:30:00
392,1028,5.65,69.83,pool,Berlin,2025-01-01 06:31:00
393,1033,28.3,13.98,premium,Toronto,2025-01-01 06:32:00
394,1045,12.43,53.62,standard,Seoul,2025-01-01 06:33:00
395,1043,11.04,34.06,premium,Seoul,2025-01-01 06:34:00
396,1047,20.66,54.65,standard,Lima,2025-01-01 06:35:00
397,1018,27.69,58.91,pool,Lima,2025-01-01 06:36:00
398,1016,25.31,70.32,standard,Berlin,2025-01-01 06:37:00
399,1021,17.3,71.46,standard,Nairobi,2025-01-01 06:38:00
400,1041,2.58,42.91,pool,Nairobi,2025-01-01 06:39:00
401,1004,15.09,69.08,pool,Toronto,2025-01-01 06:40:00
402,1037,19.0,34.78,pool,Seoul,2025-01-01 06:41:00
403,1041,25.26,55.6,pool,Nairobi,2025-01-01 06:42:00
404,1038,6.86,42.09,pool,Berlin,2025-01-01 06:43:00
405,1037,14.51,65.38,standard,Lima,2025-01-01 06:44:00
406,1024,19.59,15.83,standard,Toronto,2025-01-01 06:45:00
407,1021,20.96,58.13,pool,Seoul,2025-01-01 06:46:00
408,1046,2.34,64.44,pool,Nairobi,2025-01-01 06:47:00
409,1049,26.4,55.46,premium,Toronto,2025-01-01 06:48:00
410,1017,4.3,16.44,premium,Nairobi,2025-01-01 06:49:00
411,1019,25.77,50.01,premium,Toronto,2025-01-01 06:50:00
412,1046,26.05,62.96,pool,Toronto,2025-01-01 06:51:00
413,1044,18.77,17.22,standard,Seoul,2025-01-01 06:52:00
414,1017,16.69,73.29,premium,Toronto,2025-01-01 06:53:00
415,1028,11.14,26.78,standard,Seoul,2025-01-01 06:54:00
416,1039,12.27,16.82,premium,Berlin,2025-01-01 06:55:00
417,1012,27.73,49.51,standard,Nairobi,2025-01-01 06:56:00
418,1043,20.08,6.7,standard,Berlin,2025-01-01 06:57:00
419,1007,14.48,47.03,standard,Berlin,2025-01-01 06:58:00
420,1008,11.4,35.02,standard,Nairobi,2025-01-01 06:59:00
421,1005,29.86,71.59,pool,Seoul,2025-01-01 07:00:00
422,1005,28.14,25.47,premium,Berlin,2025-01-01 07:01:00
423,1005,27.8,38.97,pool,Seoul,2025-01-01 07:02:00
424,1011,27.84,6.5,premium,Berlin,2025-01-01 07:03:00
425,1042,11.35,35.45,premium,Berlin,2025-01-01 07:04:00
426,1022,25.18,49.63,pool,Berlin,2025-01-01 07:05:00
427,1025,20.96,17.24,pool,Nairobi,2025-01-01 07:06:00
428,1037,27.48,28.9,pool,Seoul,2025-01-01 07:07:00
429,1000,22.33,56.67,premium,Nairobi,2025-01-01 07:08:00
430,1032,25.16,34.34,standard,Lima,2025-01-01 07:09:00
431,1047,24.21,22.32,standard,Berlin,2025-01-01 07:10:00
432,1017,17.78,15.35,premium,Lima,2025-01-01 07:11:00
433,1031,21.2,6.25,premium,Lima,2025-01-01 07:12:00
434,1010,3.19,59.12,pool,Nairobi,2025-01-01 07:13:00
435,1013,12.15,37.19,pool,Lima,2025-01-01 07:14:00
436,1042,24.34,25.26,premium,Toronto,2025-01-01 07:15:00
437,1031,3.7,11.15,premium,Lima,2025-01-01 07:16:00
438,1030,10.57,55.12,premium,Seoul,2025-01-01 07:17:00
439,1028,19.16,65.81,premium,Lima,2025-01-01 07:18:00
440,1008,14.05,28.03,premium,Toronto,2025-01-01 07:19:00
441,1034,3.1,35.09,premium,Nairobi,2025-01-01 07:20:00
442,1048,5.96,72.0,premium,Seoul,2025-01-01 07:21:00
443,1013,20.32,24.69,standard,Berlin,2025-01-01 07:22:00
444,1039,16.89,32.13,standard,Seoul,2025-01-01 07:23:00
445,1014,18.07,33.81,standard,Lima,2025-01-01 07:24:00
446,1021,27.3,46.9,standard,Nairobi,2025-01-01 07:25:00
447,1008,28.06,32.04,premium,Seoul,2025-01-01 07:26:00
448,1034,9.52,69.98,standard,Nairobi,2025-01-01 07:27:00
449,1031,26.66,59.63,standard,Seoul,2025-01-01 07:28:00
450,1031,16.18,24.54,pool,Seoul,2025-01-01 07:29:00
451,1005,19.64,10.84,pool,Seoul,2025-01-01 07:30:00
452,1036,3.93,67.81,pool,Seoul,2025-01-01 07:31:00
453,1007,12.64,57.63,premium,Toronto,2025-01-01 07:32:00
454,1048,28.51,30.1,pool,Berlin,2025-01-01 07:33:00
455,1034,28.24,51.53,standard,Lima,2025-01-01 07:34:00
456,1044,13.04,17.48,standard,Lima,2025-01-01 07:35:00
457,1005,8.14,29.3,standard,Berlin,2025-01-01 07:36:00
458,1022,28.84,54.71,standard,Berlin,2025-01-01 07:37:00
459,1013,15.54,43.52,pool,Berlin,2025-01-01 07:38:00
460,1037,28.48,48.5,pool,Seoul,2025-01-01 07:39:00
461,1008,2.02,43.41,pool,Seoul,2025-01-01 07:40:00
462,1041,18.23,34.72,pool,Toronto,2025-01-01 07:41:00
463,1010,9.18,38.36,standard,Seoul,2025-01-01 07:42:00
464,1030,1.11,53.3,pool,Toronto,2025-01-01 07:43:00
465,1047,15.16,74.11,pool,Berlin,2025-01-01 07:44:00
466,1033,28.5,20.76,pool,Toronto,2025-01-01 07:45:00
467,1030,14.3,70.68,premium,Nairobi,2025-01-01 07:46:00
468,1014,7.19,26.81,premium,Lima,2025-01-01 07:47:00
469,1037,21.27,41.35,standard,Berlin,2025-01-01 07:48:00
470,1043,26.4,25.81,pool,Nairobi,2025-01-01 07:49:00
471,1037,23.03,72.52,premium,Lima,2025-01-01 07:50:00
472,1045,8.25,53.31,premium,Seoul,2025-01-01 07:51:00
473,1018,23.57,27.52,pool,Seoul,2025-01-01 07:52:00
474,1010,23.55,62.67,pool,Lima,2025-01-01 07:53:00
475,1020,14.35,46.4,pool,Lima,2025-01-01 07:54:00
476,1044,22.89,43.26,premium,Toronto,2025-01-01 07:55:00
477,1038,2.06,35.91,standard,Nairobi,2025-01-01 07:56:00
478,1013,6.96,35.56,standard,Lima,2025-01-01 07:57:00
479,1012,12.24,59.27,standard,Toronto,2025-01-01 07:58:00
480,1003,27.89,19.83,premium,Seoul,2025-01-01 07:59:00
481,1010,21.18,15.01,standard,Seoul,2025-01-01 08:00:00
482,1014,20.39,51.24,pool,Berlin,2025-01-01 08:01:00
483,1026,24.87,27.9,standard,Berlin,2025-01-01 08:02:00
484,1007,21.95,21.06,pool,Berlin,2025-01-01 08:03:00
485,1027,2.82,19.46,standard,Lima,2025-01-01 08:04:00
486,1026,26.87,10.91,standard,Toronto,2025-01-01 08:05:00
487,1049,23.11,33.65,premium,Berlin,2025-01-01 08:06:00
488,1019,7.25,51.69,standard,Lima,2025-01-01 08:07:00
489,1004,18.25,62.04,standard,Seoul,2025-01-01 08:08:00
490,1048,14.1,27.3,pool,Nairobi,2025-01-01 08:09:00
491,1040,1.84,9.03,premium,Nairobi,2025-01-01 08:10:00
492,1037,24.26,20.43,premium,Nairobi,2025-01-01 08:11:00
493,1002,10.98,13.76,standard,Berlin,2025-01-01 08:12:00
494,1048,19.2,33.26,standard,Seoul,2025-01-01 08:13:00
495,1028,24.8,7.18,premium,Lima,2025-01-01 08:14:00
496,1004,27.99,57.45,pool,Nairobi,2025-01-01 08:15:00
497,1006,16.27,44.73,pool,Nairobi,2025-01-01 08:16:00
498,1012,14.0,59.31,pool,Lima,2025-01-01 08:17:00
499,1050,1.28,68.96,pool,Berlin,2025-01-01 08:18:00
500,1036,4.28,67.17,pool,Toronto,2025-01-01 08:19:00
